Professional,Particular,Date,Hours
liam.rodriguez@example.com,marina.robert@gmail.com,30 Mai 2024,13h - 14h
liam.rodriguez@example.com,marina.robert@gmail.com,30 Mai 2024,13h - 14h
liam.rodriguez@example.com,marina.robert@gmail.com,30 Mai 2024,13h - 14h
emma.williams@example.com,marina.robert@gmail.com,3 Juin 2024,15h - 16h
emma.williams@example.com,marina.robert@gmail.com,3 Juin 2024,15h - 16h
liam.rodriguez@example.com,marina.robert@gmail.com,3 Juin 2024,16h - 17h
liam.rodriguez@example.com,marina.robert@gmail.com,3 Juin 2024,11h - 12h
liam.rodriguez@example.com,marina.robert@gmail.com,15 Mai 2024,14h - 15h
sophia.thompson@example.com,marina.robert@gmail.com,15 Mai 2024,13h - 14h
liam.rodriguez@example.com,marina.robert@gmail.com,15 Mai 2024,12h - 13h
liam.rodriguez@example.com,marina.robert@gmail.com,15 Mai 2024,14h - 15h
sophia.thompson@example.com,marina.robert@gmail.com,15 Mai 2024,13h - 14h
olivia.patel@example.com,marina.robert@gmail.com,21 Mai 2024,10h - 11h
sophia.thompson@example.com,marina.robert@gmail.com,24 Mai 2024,15h - 16h
sophia.thompson@example.com,marina.robert@gmail.com,14 Juin 2024,13h - 14h
sophia.thompson@example.com,marina.robert@gmail.com,28 Juin 2024,13h - 14h
michael.williams@example.com,marina.robert@gmail.com,20 Juin 2024,12h - 13h
sophia.thompson@example.com,marina.robert@gmail.com,28 Juin 2024,13h - 14h
liam.rodriguez@example.com,marina.robert@gmail.com,18 Juin 2024,19h - 20h
sophia.thompson@example.com,marina.robert@gmail.com,5 Juillet 2024,14h - 15h
